lines_added,lines_deleted,total_changes,files_changed,commit_count,addition_ratio,deletion_ratio,changes_per_file,commits_per_file,repository_stars_log,repository_forks_log,repository_open_issues_log,linked_issue_count,open_linked_issue_count,closed_linked_issue_count,issue_density
55,0,55,2,1,1.0,0.0,27.5,0.5,12.417738580283931,10.843690104456597,7.130098510125578,2,0,2,1.0
326,16,342,2,4,0.9532163742690059,0.04678362573099415,171.0,2.0,12.417738580283931,10.843690104456597,7.130098510125578,2,0,2,1.0
145,40,185,9,2,0.7837837837837838,0.21621621621621623,20.555555555555557,0.2222222222222222,12.417738580283931,10.843690104456597,7.130098510125578,0,0,0,0.0
83,9,92,3,1,0.9021739130434783,0.09782608695652174,30.666666666666668,0.3333333333333333,12.417738580283931,10.843690104456597,7.130098510125578,1,1,0,0.3333333333333333
73,13,86,2,1,0.8488372093023255,0.1511627906976744,43.0,0.5,12.417738580283931,10.843690104456597,7.130098510125578,4,2,2,2.0
49,5,54,5,1,0.9074074074074074,0.09259259259259259,10.8,0.2,12.417738580283931,10.843690104456597,7.130098510125578,1,1,0,0.2
32,0,32,2,1,1.0,0.0,16.0,0.5,12.417738580283931,10.843690104456597,7.130098510125578,1,1,0,0.5
19,1,20,2,1,0.95,0.05,10.0,0.5,12.417738580283931,10.843690104456597,7.130098510125578,1,1,0,0.5
35,0,35,2,1,1.0,0.0,17.5,0.5,12.417738580283931,10.843690104456597,7.130098510125578,1,1,0,0.5
38,0,38,7,1,1.0,0.0,5.428571428571429,0.14285714285714285,12.417738580283931,10.843690104456597,7.130098510125578,0,0,0,0.0
2,2,4,1,1,0.5,0.5,4.0,1.0,12.417738580283931,10.843690104456597,7.130098510125578,0,0,0,0.0
47,38,85,7,14,0.5529411764705883,0.4470588235294118,12.142857142857142,2.0,12.417738580283931,10.843690104456597,7.130098510125578,0,0,0,0.0
62,37,99,9,15,0.6262626262626263,0.37373737373737376,11.0,1.6666666666666667,12.417738580283931,10.843690104456597,7.130098510125578,0,0,0,0.0
4,1,5,1,1,0.8,0.2,5.0,1.0,12.417738580283931,10.843690104456597,7.130098510125578,1,1,0,1.0
130,24,154,17,1,0.8441558441558441,0.15584415584415584,9.058823529411764,0.058823529411764705,12.417738580283931,10.843690104456597,7.130098510125578,0,0,0,0.0
100,10,110,2,1,0.9090909090909091,0.09090909090909091,55.0,0.5,12.417738580283931,10.843690104456597,7.130098510125578,0,0,0,0.0
73,1,74,2,3,0.9864864864864865,0.013513513513513514,37.0,1.5,12.417738580283931,10.843690104456597,7.130098510125578,0,0,0,0.0
1,1,2,1,1,0.5,0.5,2.0,1.0,12.417738580283931,10.843690104456597,7.130098510125578,0,0,0,0.0
1,1,2,1,1,0.5,0.5,2.0,1.0,12.417738580283931,10.843690104456597,7.130098510125578,0,0,0,0.0
81,5,86,2,2,0.9418604651162791,0.05813953488372093,43.0,1.0,12.417738580283931,10.843690104456597,7.130098510125578,0,0,0,0.0
74,0,74,2,1,1.0,0.0,37.0,0.5,12.417738580283931,10.843690104456597,7.130098510125578,1,0,1,0.5
1562,244,1806,26,2,0.8648947951273532,0.13510520487264674,69.46153846153847,0.07692307692307693,12.417738580283931,10.843690104456597,7.130098510125578,0,0,0,0.0
7,3,10,1,1,0.7,0.3,10.0,1.0,12.417738580283931,10.843690104456597,7.130098510125578,0,0,0,0.0
131,0,131,3,1,1.0,0.0,43.666666666666664,0.3333333333333333,12.417738580283931,10.843690104456597,7.130098510125578,1,1,0,0.3333333333333333
128,0,128,2,1,1.0,0.0,64.0,0.5,12.417738580283931,10.843690104456597,7.130098510125578,1,1,0,0.5
267,0,267,3,1,1.0,0.0,89.0,0.3333333333333333,12.417738580283931,10.843690104456597,7.130098510125578,1,1,0,0.3333333333333333
72,6,78,7,1,0.9230769230769231,0.07692307692307693,11.142857142857142,0.14285714285714285,12.417738580283931,10.843690104456597,7.130098510125578,1,1,0,0.14285714285714285
66,0,66,2,1,1.0,0.0,33.0,0.5,12.417738580283931,10.843690104456597,7.130098510125578,1,1,0,0.5
66,1,67,3,1,0.9850746268656716,0.014925373134328358,22.333333333333332,0.3333333333333333,12.417738580283931,10.843690104456597,7.130098510125578,1,1,0,0.3333333333333333
98,4,102,4,1,0.9607843137254902,0.0392156862745098,25.5,0.25,12.417738580283931,10.843690104456597,7.130098510125578,1,1,0,0.25
66,1,67,3,1,0.9850746268656716,0.014925373134328358,22.333333333333332,0.3333333333333333,12.417738580283931,10.843690104456597,7.130098510125578,1,1,0,0.3333333333333333
98,4,102,4,1,0.9607843137254902,0.0392156862745098,25.5,0.25,12.417738580283931,10.843690104456597,7.130098510125578,1,1,0,0.25
57,0,57,2,1,1.0,0.0,28.5,0.5,12.417738580283931,10.843690104456597,7.130098510125578,1,1,0,0.5
37,12,49,2,1,0.7551020408163265,0.24489795918367346,24.5,0.5,12.417738580283931,10.843690104456597,7.130098510125578,0,0,0,0.0
12,5,17,1,1,0.7058823529411765,0.29411764705882354,17.0,1.0,12.417738580283931,10.843690104456597,7.130098510125578,0,0,0,0.0
230,24,254,12,1,0.905511811023622,0.09448818897637795,21.166666666666668,0.08333333333333333,12.417738580283931,10.843690104456597,7.130098510125578,1,1,0,0.08333333333333333
1,1,2,1,1,0.5,0.5,2.0,1.0,12.417738580283931,10.843690104456597,7.130098510125578,0,0,0,0.0
500,4,504,3,2,0.9920634920634921,0.007936507936507936,168.0,0.6666666666666666,12.417738580283931,10.843690104456597,7.130098510125578,0,0,0,0.0
3,3,6,1,1,0.5,0.5,6.0,1.0,12.417738580283931,10.843690104456597,7.130098510125578,1,0,1,1.0
230,15,245,1,1,0.9387755102040817,0.061224489795918366,245.0,1.0,12.417738580283931,10.843690104456597,7.130098510125578,0,0,0,0.0
1541,782,2323,76,13,0.6633663366336634,0.33663366336633666,30.56578947368421,0.17105263157894737,12.417738580283931,10.843690104456597,7.130098510125578,0,0,0,0.0
3,0,3,1,1,1.0,0.0,3.0,1.0,12.417738580283931,10.843690104456597,7.130098510125578,0,0,0,0.0
433,11,444,3,3,0.9752252252252253,0.024774774774774775,148.0,1.0,12.417738580283931,10.843690104456597,7.130098510125578,1,1,0,0.3333333333333333
245,311,556,1,5,0.44064748201438847,0.5593525179856115,556.0,5.0,12.417738580283931,10.843690104456597,7.130098510125578,0,0,0,0.0
0,0,0,0,2,0.0,0.0,0.0,0.0,12.417738580283931,10.843690104456597,7.130098510125578,1,0,1,0.0
318,8,326,6,1,0.9754601226993865,0.024539877300613498,54.333333333333336,0.16666666666666666,12.417738580283931,10.843690104456597,7.130098510125578,0,0,0,0.0
231,5,236,4,1,0.9788135593220338,0.0211864406779661,59.0,0.25,12.417738580283931,10.843690104456597,7.130098510125578,0,0,0,0.0
22,11,33,1,1,0.6666666666666666,0.3333333333333333,33.0,1.0,12.417738580283931,10.843690104456597,7.130098510125578,0,0,0,0.0
119,6,125,2,1,0.952,0.048,62.5,0.5,12.417738580283931,10.843690104456597,7.130098510125578,0,0,0,0.0
3,3,6,1,1,0.5,0.5,6.0,1.0,12.417738580283931,10.843690104456597,7.130098510125578,0,0,0,0.0
2,2,4,2,2,0.5,0.5,2.0,1.0,12.417738580283931,10.843690104456597,7.130098510125578,0,0,0,0.0
647,30,677,15,14,0.9556868537666174,0.04431314623338257,45.13333333333333,0.9333333333333333,12.417738580283931,10.843690104456597,7.130098510125578,0,0,0,0.0
1,1,2,1,2,0.5,0.5,2.0,2.0,12.417738580283931,10.843690104456597,7.130098510125578,0,0,0,0.0
17,1,18,1,1,0.9444444444444444,0.05555555555555555,18.0,1.0,12.417738580283931,10.843690104456597,7.130098510125578,0,0,0,0.0
53,0,53,6,1,1.0,0.0,8.833333333333334,0.16666666666666666,12.417738580283931,10.843690104456597,7.130098510125578,0,0,0,0.0
10,10,20,8,2,0.5,0.5,2.5,0.25,12.417738580283931,10.843690104456597,7.130098510125578,0,0,0,0.0
9,3,12,1,1,0.75,0.25,12.0,1.0,12.417738580283931,10.843690104456597,7.130098510125578,0,0,0,0.0
75,10,85,5,2,0.8823529411764706,0.11764705882352941,17.0,0.4,12.417738580283931,10.843690104456597,7.130098510125578,1,1,0,0.2
63,28,91,3,1,0.6923076923076923,0.3076923076923077,30.333333333333332,0.3333333333333333,12.417738580283931,10.843690104456597,7.130098510125578,0,0,0,0.0
101,116,217,7,1,0.46543778801843316,0.5345622119815668,31.0,0.14285714285714285,12.417738580283931,10.843690104456597,7.130098510125578,0,0,0,0.0
108,19239,19347,115,1,0.00558226081563033,0.9944177391843697,168.23478260869564,0.008695652173913044,12.417738580283931,10.843690104456597,7.130098510125578,0,0,0,0.0
249,23,272,9,1,0.9154411764705882,0.08455882352941177,30.22222222222222,0.1111111111111111,12.417738580283931,10.843690104456597,7.130098510125578,0,0,0,0.0
48,21,69,1,2,0.6956521739130435,0.30434782608695654,69.0,2.0,12.417738580283931,10.843690104456597,7.130098510125578,1,0,1,1.0
74,58,132,2,1,0.5606060606060606,0.4393939393939394,66.0,0.5,12.417738580283931,10.843690104456597,7.130098510125578,1,0,1,0.5
2584,0,2584,6,1,1.0,0.0,430.6666666666667,0.16666666666666666,12.417738580283931,10.843690104456597,7.130098510125578,0,0,0,0.0
18,18,36,4,1,0.5,0.5,9.0,0.25,12.417738580283931,10.843690104456597,7.130098510125578,1,0,1,0.25
1,1,2,1,1,0.5,0.5,2.0,1.0,12.417738580283931,10.843690104456597,7.130098510125578,1,0,1,1.0
3,0,3,1,1,1.0,0.0,3.0,1.0,12.417738580283931,10.843690104456597,7.130098510125578,1,0,1,1.0
12,0,12,1,1,1.0,0.0,12.0,1.0,12.417738580283931,10.843690104456597,7.130098510125578,1,1,0,1.0
105,2,107,2,1,0.9813084112149533,0.018691588785046728,53.5,0.5,12.417738580283931,10.843690104456597,7.130098510125578,1,0,1,0.5
57,2,59,2,3,0.9661016949152542,0.03389830508474576,29.5,1.5,12.417738580283931,10.843690104456597,7.130098510125578,0,0,0,0.0
92,0,92,4,5,1.0,0.0,23.0,1.25,12.417738580283931,10.843690104456597,7.130098510125578,1,1,0,0.25
14,14,28,5,2,0.5,0.5,5.6,0.4,12.417738580283931,10.843690104456597,7.130098510125578,1,0,1,0.2
363,0,363,12,1,1.0,0.0,30.25,0.08333333333333333,12.417738580283931,10.843690104456597,7.130098510125578,0,0,0,0.0
31,44,75,7,5,0.41333333333333333,0.5866666666666667,10.714285714285714,0.7142857142857143,12.417738580283931,10.843690104456597,7.130098510125578,0,0,0,0.0
279,28,307,5,6,0.9087947882736156,0.09120521172638436,61.4,1.2,12.417738580283931,10.843690104456597,7.130098510125578,0,0,0,0.0
680,79,759,11,1,0.8959156785243741,0.10408432147562582,69.0,0.09090909090909091,12.417738580283931,10.843690104456597,7.130098510125578,0,0,0,0.0
71,0,71,2,2,1.0,0.0,35.5,1.0,12.417738580283931,10.843690104456597,7.130098510125578,1,1,0,0.5
303,31,334,16,1,0.907185628742515,0.09281437125748503,20.875,0.0625,12.417738580283931,10.843690104456597,7.130098510125578,0,0,0,0.0
45,36,81,6,13,0.5555555555555556,0.4444444444444444,13.5,2.1666666666666665,12.417738580283931,10.843690104456597,7.130098510125578,0,0,0,0.0
183,1,184,2,1,0.9945652173913043,0.005434782608695652,92.0,0.5,12.417738580283931,10.843690104456597,7.130098510125578,1,1,0,0.5
74,59,133,1,2,0.556390977443609,0.44360902255639095,133.0,2.0,12.417738580283931,10.843690104456597,7.130098510125578,0,0,0,0.0
81,77,158,1,1,0.5126582278481012,0.4873417721518987,158.0,1.0,12.417738580283931,10.843690104456597,7.130098510125578,0,0,0,0.0
701,53,754,28,5,0.9297082228116711,0.07029177718832891,26.928571428571427,0.17857142857142858,12.417738580283931,10.843690104456597,7.130098510125578,0,0,0,0.0
3,3,6,1,2,0.5,0.5,6.0,2.0,12.417738580283931,10.843690104456597,7.130098510125578,1,1,0,1.0
4,4,8,1,1,0.5,0.5,8.0,1.0,12.417738580283931,10.843690104456597,7.130098510125578,0,0,0,0.0
26,8,34,1,2,0.7647058823529411,0.23529411764705882,34.0,2.0,12.417738580283931,10.843690104456597,7.130098510125578,0,0,0,0.0
2,2,4,2,1,0.5,0.5,2.0,0.5,12.417738580283931,10.843690104456597,7.130098510125578,1,0,1,0.5
32,2,34,2,1,0.9411764705882353,0.058823529411764705,17.0,0.5,12.417738580283931,10.843690104456597,7.130098510125578,1,0,1,0.5
284,0,284,3,2,1.0,0.0,94.66666666666667,0.6666666666666666,12.417738580283931,10.843690104456597,7.130098510125578,0,0,0,0.0
1,1,2,1,1,0.5,0.5,2.0,1.0,12.417738580283931,10.843690104456597,7.130098510125578,0,0,0,0.0
22,2,24,1,1,0.9166666666666666,0.08333333333333333,24.0,1.0,12.417738580283931,10.843690104456597,7.130098510125578,1,0,1,1.0
27,18,45,16,1,0.6,0.4,2.8125,0.0625,12.417738580283931,10.843690104456597,7.130098510125578,0,0,0,0.0
71,3,74,1,1,0.9594594594594594,0.04054054054054054,74.0,1.0,12.417738580283931,10.843690104456597,7.130098510125578,0,0,0,0.0
171,7,178,2,2,0.9606741573033708,0.03932584269662921,89.0,1.0,12.417738580283931,10.843690104456597,7.130098510125578,0,0,0,0.0
80,4,84,3,2,0.9523809523809523,0.047619047619047616,28.0,0.6666666666666666,12.417738580283931,10.843690104456597,7.130098510125578,0,0,0,0.0
114,40,154,12,1,0.7402597402597403,0.2597402597402597,12.833333333333334,0.08333333333333333,12.417738580283931,10.843690104456597,7.130098510125578,8,0,8,0.6666666666666666
84,0,84,2,1,1.0,0.0,42.0,0.5,12.417738580283931,10.843690104456597,7.130098510125578,1,0,1,0.5
176,45,221,3,2,0.7963800904977375,0.20361990950226244,73.66666666666667,0.6666666666666666,12.417738580283931,10.843690104456597,7.130098510125578,1,0,1,0.3333333333333333
59,11,70,4,2,0.8428571428571429,0.15714285714285714,17.5,0.5,12.417738580283931,10.843690104456597,7.130098510125578,0,0,0,0.0
